<?xml version="1.0" encoding="utf-8"?>
<!-- Copyright Vespa.ai. Licensed under the terms of the Apache 2.0 license. -->
<services version="1.0" xmlns:deploy="vespa" xmlns:preprocess="properties"
  minimum-required-vespa-version="8.327.49">

  <container id="default" version="1.0">
    <search />
    <document-api />

    <!-- API access clients -->
    <clients>
      <client id="serve" permissions="read">
        <certificate file="security/serve.pem" />
      </client>
      <client id="ingest" permissions="write">
        <certificate file="security/ingest.pem" />
      </client>
      <client id="full_access" permissions="read,write">
        <certificate file="security/full_access.pem" />
      </client>
    </clients>

  </container>

  <!-- Content cluster definition -->
  <content id="msmarco" version="1.0">
    <redundancy>1</redundancy>
    <documents>
      <document mode="index" type="passage" />
    </documents>
    <nodes>
      <node hostalias="node1" distribution-key="0" />
    </nodes>
  </content>

</services>